{
  "_default": {
    "1": {
      "person_id": "danforth",
      "personal_name": "Frank",
      "family_name": "Danforth",
      "visits": []
    },
    "2": {
      "person_id": "dyer",
      "personal_name": "William",
      "family_name": "Dyer",
      "visits": [
        {
          "visit_id": 619,
          "site_id": "DR-1",
          "visit_date": "1927-02-08",
          "site": {
            "site_id": "DR-1",
            "latitude": -49.85,
            "longitude": -128.57
          },
          "measurements": [
            {
              "visit_id": 619,
              "person_id": "dyer",
              "quantity": "rad",
              "reading": 9.82
            },
            {
              "visit_id": 619,
              "person_id": "dyer",
              "quantity": "sal",
              "reading": 0.13
            }
          ]
        },
        {
          "visit_id": 622,
          "site_id": "DR-1",
          "visit_date": "1927-02-10",
          "site": {
            "site_id": "DR-1",
            "latitude": -49.85,
            "longitude": -128.57
          },
          "measurements": [
            {
              "visit_id": 622,
              "person_id": "dyer",
              "quantity": "rad",
              "reading": 7.8
            },
            {
              "visit_id": 622,
              "person_id": "dyer",
              "quantity": "sal",
              "reading": 0.09
            }
          ]
        }
      ]
    },
    "3": {
      "person_id": "lake",
      "personal_name": "Anderson",
      "family_name": "Lake",
      "visits": [
        {
          "visit_id": 752,
          "site_id": "DR-3",
          "visit_date": NaN,
          "site": {
            "site_id": "DR-3",
            "latitude": -47.15,
            "longitude": -126.72
          },
          "measurements": [
            {
              "visit_id": 752,
              "person_id": "lake",
              "quantity": "rad",
              "reading": 2.19
            },
            {
              "visit_id": 752,
              "person_id": "lake",
              "quantity": "sal",
              "reading": 0.09
            },
            {
              "visit_id": 752,
              "person_id": "lake",
              "quantity": "temp",
              "reading": -16.0
            }
          ]
        },
        {
          "visit_id": 837,
          "site_id": "MSK-4",
          "visit_date": "1932-01-14",
          "site": {
            "site_id": "MSK-4",
            "latitude": -48.87,
            "longitude": -123.4
          },
          "measurements": [
            {
              "visit_id": 837,
              "person_id": "lake",
              "quantity": "rad",
              "reading": 1.46
            },
            {
              "visit_id": 837,
              "person_id": "lake",
              "quantity": "sal",
              "reading": 0.21
            }
          ]
        },
        {
          "visit_id": 734,
          "site_id": "DR-3",
          "visit_date": "1930-01-07",
          "site": {
            "site_id": "DR-3",
            "latitude": -47.15,
            "longitude": -126.72
          },
          "measurements": [
            {
              "visit_id": 734,
              "person_id": "lake",
              "quantity": "sal",
              "reading": 0.05
            }
          ]
        }
      ]
    },
    "4": {
      "person_id": "pb",
      "personal_name": "Frank",
      "family_name": "Pabodie",
      "visits": [
        {
          "visit_id": 751,
          "site_id": "DR-3",
          "visit_date": "1930-02-26",
          "site": {
            "site_id": "DR-3",
            "latitude": -47.15,
            "longitude": -126.72
          },
          "measurements": [
            {
              "visit_id": 751,
              "person_id": "pb",
              "quantity": "rad",
              "reading": 4.35
            },
            {
              "visit_id": 751,
              "person_id": "pb",
              "quantity": "temp",
              "reading": -18.5
            }
          ]
        },
        {
          "visit_id": 734,
          "site_id": "DR-3",
          "visit_date": "1930-01-07",
          "site": {
            "site_id": "DR-3",
            "latitude": -47.15,
            "longitude": -126.72
          },
          "measurements": [
            {
              "visit_id": 734,
              "person_id": "pb",
              "quantity": "rad",
              "reading": 8.41
            },
            {
              "visit_id": 734,
              "person_id": "pb",
              "quantity": "temp",
              "reading": -21.5
            }
          ]
        },
        {
          "visit_id": 735,
          "site_id": "DR-3",
          "visit_date": "1930-01-12",
          "site": {
            "site_id": "DR-3",
            "latitude": -47.15,
            "longitude": -126.72
          },
          "measurements": [
            {
              "visit_id": 735,
              "person_id": "pb",
              "quantity": "rad",
              "reading": 7.22
            },
            {
              "visit_id": 735,
              "person_id": "pb",
              "quantity": "sal",
              "reading": 0.06
            },
            {
              "visit_id": 735,
              "person_id": "pb",
              "quantity": "temp",
              "reading": -26.0
            }
          ]
        }
      ]
    },
    "5": {
      "person_id": "roe",
      "personal_name": "Valentina",
      "family_name": "Roerich",
      "visits": [
        {
          "visit_id": 752,
          "site_id": "DR-3",
          "visit_date": NaN,
          "site": {
            "site_id": "DR-3",
            "latitude": -47.15,
            "longitude": -126.72
          },
          "measurements": [
            {
              "visit_id": 752,
              "person_id": "roe",
              "quantity": "sal",
              "reading": 41.6
            }
          ]
        },
        {
          "visit_id": 844,
          "site_id": "DR-1",
          "visit_date": "1932-03-22",
          "site": {
            "site_id": "DR-1",
            "latitude": -49.85,
            "longitude": -128.57
          },
          "measurements": [
            {
              "visit_id": 844,
              "person_id": "roe",
              "quantity": "rad",
              "reading": 11.25
            }
          ]
        },
        {
          "visit_id": 837,
          "site_id": "MSK-4",
          "visit_date": "1932-01-14",
          "site": {
            "site_id": "MSK-4",
            "latitude": -48.87,
            "longitude": -123.4
          },
          "measurements": [
            {
              "visit_id": 837,
              "person_id": "roe",
              "quantity": "sal",
              "reading": 22.5
            }
          ]
        }
      ]
    }
  }
}