[
  {
    "date": "2020-06-01T00:00:00Z",
    "event": "http://www.wikidata.org/entity/Q93474225",
    "eventLabel": "Donate Speech"
  },
  {
    "date": "2020-05-19T00:00:00Z",
    "event": "http://www.wikidata.org/entity/Q94902562",
    "eventLabel": "2020 COVID-19 pandemic in Gadchiroli District"
  },
  {
    "date": "2020-05-28T00:00:00Z",
    "event": "http://www.wikidata.org/entity/Q95150422",
    "eventLabel": "Die Datenlaube: Neues Wissen und Daten aus alten Texten \u00e2\u20ac\u201c Mit Wikisource, Wikidata und mit Commons"
  },
  {
    "date": "2020-05-26T00:00:00Z",
    "event": "http://www.wikidata.org/entity/Q95245437",
    "eventLabel": "Was Corona bisher verhinderte \u00e2\u20ac\u201c Die Erasmus International Staff Week an der NTNU Universit\u00c3\u00a4tsbibliothek in Trondheim"
  },
  {
    "date": "2020-05-26T00:00:00Z",
    "event": "http://www.wikidata.org/entity/Q95245446",
    "eventLabel": "Kompetenzausbau und Vernetzung zu Open Access \u00e2\u20ac\u201c Die bundesweite Plattform open-access.network"
  },
  {
    "date": "2020-05-26T00:00:00Z",
    "event": "http://www.wikidata.org/entity/Q95245447",
    "eventLabel": "Katastrophenplanung \u00e2\u20ac\u201c Die n\u00c3\u00a4chste Pandemie kommt bestimmt: Literaturbericht zu M\u00c3\u00b6glichkeiten der Katastrophenplanung f\u00c3\u00bcr \u00c3\u2013ffentliche Bibliotheken"
  },
  {
    "date": "2020-05-26T00:00:00Z",
    "event": "http://www.wikidata.org/entity/Q95245455",
    "eventLabel": "#neuland. Zur prek\u00c3\u00a4ren Digital-Situation der \u00c3\u2013ffentlichen Bibliotheken \u00e2\u20ac\u201c \u00c3\u0153berlegungen zu einem Positionspapier aus gegebenem Anlass"
  },
  {
    "date": "2020-05-26T00:00:00Z",
    "event": "http://www.wikidata.org/entity/Q95245456",
    "eventLabel": "Licht und Schatten. Erfahrungen aus 15 Jahren LIBREAS. Library Ideas"
  },
  {
    "date": "2020-05-26T00:00:00Z",
    "event": "http://www.wikidata.org/entity/Q95245457",
    "eventLabel": "Bibl-IoT-hek 4.0: Potenziale und Herausforderungen des Internets der Dinge f\u00c3\u00bcr Bibliotheken"
  },
  {
    "date": "2020-05-26T00:00:00Z",
    "event": "http://www.wikidata.org/entity/Q95245463",
    "eventLabel": "International agieren \u00e2\u20ac\u201c wichtiger denn je: IFLA, Corona, Zusammenarbeit"
  }
]